{
  "accuracy": 80.62,
  "cv_mean": 81.11,
  "cv_std": 0.17,
  "classification": {
    "positive": {
      "precision": 0.8809826344769166,
      "recall": 0.8240887480190174,
      "f1-score": 0.8515864892528148,
      "support": 2524.0
    },
    "negative": {
      "precision": 0.855147645650439,
      "recall": 0.771418286537077,
      "f1-score": 0.8111279333838002,
      "support": 2778.0
    },
    "neutral": {
      "precision": 0.6913343558282209,
      "recall": 0.829728485964105,
      "f1-score": 0.7542355155825141,
      "support": 2173.0
    },
    "accuracy": 0.8061538461538461,
    "macro avg": {
      "precision": 0.8091548786518589,
      "recall": 0.8084118401733997,
      "f1-score": 0.8056499794063763,
      "support": 7475.0
    },
    "weighted avg": {
      "precision": 0.8162501517393153,
      "recall": 0.8061538461538461,
      "f1-score": 0.8082503643043618,
      "support": 7475.0
    }
  },
  "train_size": 29896,
  "test_size": 7475
}